{"pitch": [-2.8605414767666897, 13.29534724779153, 193.13859786728506, 46.93885062630091], "energy": [-1.3052769899368286, 8.260553359985352, 45.790842182508044, 35.08132193814295]}